<?xml version="1.0" encoding="UTF-8"?>
<beans xmlns="http://www.springframework.org/schema/beans"
    xmlns:xsi="http://www.w3.org/2001/XMLSchema-instance"
    xmlns:mvc="http://www.springframework.org/schema/mvc"
    xmlns:context="http://www.springframework.org/schema/context"
    xsi:schemaLocation="
        http://www.springframework.org/schema/beans
        http://www.springframework.org/schema/beans/spring-beans.xsd
        http://www.springframework.org/schema/mvc
        http://www.springframework.org/schema/mvc/spring-mvc.xsd     
        http://www.springframework.org/schema/context
        http://www.springframework.org/schema/context/spring-context.xsd">
 
    <mvc:annotation-driven/>
<!--    <mvc:annotation-driven ignore-default-model-on-redirect="true" /> &lt;!&ndash; cannot disable redirect attributes &ndash;&gt;-->
    <context:component-scan base-package="edu.mum.cs.controller"/>

<!--  	<mvc:resources mapping="/resource/**" location="/css/"/>-->
    
    <bean id="viewResolver" class="org.springframework.web.servlet.view.InternalResourceViewResolver">
        <property name="prefix" value="/WEB-INF/jsp/"/>
        <property name="suffix" value=".jsp"/>
    </bean>

<!--    <bean class="org.springframework.web.context.support.ServletContextAttributeExporter">-->
<!--   	 	<property name="attributes">-->
<!--        	<map>-->
<!--            	<entry key="appName" value="State Management Demo" />-->
<!--            	<entry key="myApp" value="========State Management Demo=========" />-->
<!-- 			</map>-->
<!--    	</property>-->
<!--	</bean>-->

</beans>